cod,denumire,cod_fiscal,analitic,tara,judet,adresa,cont_banca,banca,tel,email,grupa,reg_com,delegat,bi_serie,bi_numar,bi_pol,masina,den_agent,discount
00001,EUROVIAL VIAL LIGHTING,RO6742610,4111.00001,RO,CT,Str. NICOLAE FILIMON 23 Constanta,,,0241516611,,,J13/5279/1994,,,,,,CRISTIAN FIRCA,0
00002,HAVELLS SYLVANIA GERM,132496340,4111.00002,DE,,,,,,,,,,,,,,CRISTIAN FIRCA,0
00003,ILLUMINARTE LTD,BG201609928,4111.00003,BG,,"BULGARIA8000 BURGAS, 39 INDUSTRIALNA STR",BG85UNCR7001520138114,UNICREDIT BULBANK AD,,,,,,,,,,CRISTIAN FIRCA,0
00004,MUSETTE GRUP,RO15919038,4111.00004,RO,B,Str. HUEDIN 6 Bucuresti,,,3306424,,,J40/15605/2003,,,,,,CRISTIAN FIRCA,0
00005,INECO ELECTRIC,RO29010053,4111.00005,RO,B,Str. LIVIU REBREANU 15 BUCURESTI,,,0729883913,,,J40/10075/2011,,,,,,FM,0
00006,PARTENER COFFE SERVICES,RO22221282,4111.00006,RO,B,Str. Valea Argesului 11 Bucuresti,,,0213134220,,,J40/14934/2007,,,,,,CRISTIAN FIRCA,0
00007,FEILO SYLVANIA GERMANY GMBH,76022353,4111.00007,DE,,graf zeppelin str 9-12 91056 Erlangen Germany,,,,,,,,,,,,CRISTIAN FIRCA,0
00008,POWER OF LIGHT,RO28781416,4111.00008,RO,B,Str. LAVANDEI 2 BUCURESTI,,,0727032870,,,J40/8199/2011,,,,,,CRISTIAN FIRCA,0
00009,CAFEMAGINATION,26531987,4111.00009,RO,B,Str. PITARUL HRISTACHE 5 Bucuresti,,,-,,,J40/3206/2012,,,,,,CRISTIAN FIRCA,0
00010,TELECOM MAINTEANCE,RO23107848,4111.00010,RO,B,Str. Urziceni 7 BUCURESTI,,,0723301194,,,J40/890/2008,,,,,,FM,0
00011,CONSOLIGHT COM,RO8984971,4111.00011,RO,B,Str. PARGARILOR 11 Bucuresti,RO16BACX0000000456525000,UNICREDIT BANK SA,-,,,J40/9610/1996,,,,,,BOGDAN CRAIOVEANU,0
00012,BLOR RETAIL S.A,RO15704730,4111.00012,RO,B,Str. DRUMUL SABARENI 24-26 Bucuresti,,,0214083136,,,J40/11806/2003,,,,,,BOGDAN CRAIOVEANU,0
00013,TRANSBALKAN INTERNATIONAL   TRAIDING,RO18294707,4111.00013,RO,B,Str. PICTOR GEORGE DEMETRESCU MIREA 11 BUCURESTI,,,0212229002,,,J40/613/2006,,,,,,CRISTIAN FIRCA,0
00014,VERANDA OBOR S.A,RO33599063,4111.00014,RO,B,"SECTOR 2, STR. ZIDURI MOSI, NR.23, CLADIREA CENTRULUI COMERCIAL VERANDA MALL, BIROUL 1",,,-,,,J40/10838/2014,,,,,,CRISTIAN FIRCA,0
00015,TIMISOARA CITY  BUSINESS CENTER ONE,RO17968207,4111.00015,RO,B,Str. BARBU VACARESCU 301-311 Bucuresti,,,0256491042,,,J40/11625/2012,,,,,,BOGDAN CRAIOVEANU,0
00016,MODATIM BUSINESS   FACILITY,RO16216494,4111.00016,RO,B,Str. BARBU VACARESCU 301-311 Bucuresti,,,0733003872,,,J40/1758/2016,,,,,,BOGDAN CRAIOVEANU,0
00017,ROOTS SODA,35621167,4111.00017,RO,B,Spl. Independentei 1 Bucuresti,,,0771707869,,,J40/1801/2016,,,,,,CRISTIAN FIRCA,0
00018,EURO HOTELS INTERNATIONAL CO S.R.L.,RO14601310,4111.00018,RO,B,Str. POLIZU 4 BUCURESTI,,,0213179920,,,J40/3397/2002,,,,,,CRISTIAN FIRCA,0
00019,TOYO MOTOR CENTER,RO14494346,4111.00019,RO,B,Spl. UNIRII 281-283 Bucuresti,,,0722255743,,,J40/1651/2002,,,,,,BOGDAN CRAIOVEANU,0
00020,LEVIROM,RO17000013,4111.00020,RO,CJ,Str. TRAIAN VUIA 141 C Cluj-Napoca,,,0264546503,,,J12/4379/2004,,,,,,CRISTIAN FIRCA,0
00021,V.E.M PROIECT LIGHTING,RO29252723,4111.00021,RO,B,sos de centura 103 bucuresti popesti-leordeni ilfov,,,-,,,J23/2779/2011,,,,,,BOGDAN CRAIOVEANU,0
00022,PARTENER COFFE SERVICES SUC BG CCT,BG203241122,4111.00022,BG,,"sofia 1360, 7 Obelsko Shosse, Business Center Lyulin",BG12TTBB94001526876394,Societe Generale Expressbank,,,,,,,,,,CRISTIAN FIRCA,0
00023,CORAL IMPEX,RO4986244,4111.00023,RO,PH,Str. PENES CURCANUL 8 Ploiesti,,,0744349113,,,J29/2811/1993,,,,,,CRISTIAN FIRCA,0
00024,COSMETIQUES DE FRANCE,9707995,4111.00024,RO,B,Str. LOTRU 51 Bucuresti,,,0213275400,,,J40/2149/2000,,,,,,BOGDAN CRAIOVEANU,0
00025,NOYA PARTENERS,RO33373529,4111.00025,RO,B,Str. ANKARA 7 Bucuresti,,,0748555111,,,J40/8256/2014,,,,,,BOGDAN CRAIOVEANU,0
00026,COLLINA DEVELOPMENT,RO22335317,4111.00026,RO,B,B-dul ION MIHALACHE 150A Bucuresti,,,07241185196,,,J40/16278/2007,,,,,,CRISTIAN FIRCA,0
00027,ANULAT,,4111.00027,RO,,,,,,,,,,,,,,,0
00028,ELBI ELECTRIC&LIGHTING,RO17412685,4111.00028,RO,IF,Sos. ALEXANDRIEI 76-78 Oras Bragadiru,,,0214202341,,,J23/823/2006,,,,,,HORIA TODEA,0
00029,POWER ELECTRIC,RO6929482,4111.00029,RO,B,Str. PRECIZIEI 32 Bucuresti,,,0314030700,,,J40/25284/1994,,,,,,HORIA TODEA,0
00030,ENERGOBIT SA,RO211717,4111.00030,RO,CJ,str Taietura Turcului nr 47/11,RO07RZBR0000060015456411,RAIFFEISENBANK ROMANIA.,0264-207500,,,J12/1514/1991,,,,,,FM,0
00031,MANN OPTIC,RO34738461,4111.00031,RO,B,Calea Rahovei 266-268 Bucuresti,,,0214041400,,,J40/8231/2015,,,,,,BOGDAN CRAIOVEANU,0
00032,IOKO ELECTRIC COMPANY,RO4714622,4111.00032,RO,B,Str. AUREL VLAICU 119 Bucuresti,,,2106162,,,J40/22938/1993,,,,,,CRISTIAN FIRCA,0
00033,SC ANGLO ROM SRL,RO134584,4111.00033,RO,AG,Aleea TINUTUL HERTA 2(ZONA B) Pitesti,RO47BUCU489446522511RO01,ALPHA BANK,0248211707,,,J03/2278/1991,,,,,,BOGDAN CRAIOVEANU,0
00034,ELECTROPUTERE VFU PASCANI SA,RO1996928,4111.00034,RO,IS,Str. GARII 18 Pascani,,,0232718304,,,J22/532/1992,,,,,,BOGDAN CRAIOVEANU,0
00035,SC SFERA GLOBAL TRADING SRL,RO19157503,4111.00035,RO,B,Raditei nr 51 sector 5,RO72BRMA0520028223400000,BANCA ROMANEASCA Ghencea,0744971118,adiroman@sferaglobal.ro,,J40/17564/2006,Adi Roman,,,,,HORIA TODEA,0
00036,NORR LIVING SRL,RO36284787,4111.00036,RO,CJ,Blvd Muncii nr 12,,,-,,,J12/2580/2016,,,,,,CRISTIAN FIRCA,0
00037,MERIDIAN NORD SRL,RO29300928,4111.00037,RO,B,Turnu Magurele nr 52-62 etaj 1,RO70BUCU1242233153023RON,ALPHA BANK,0213019014,,,j40/13109/2011,,,,,,BOGDAN CRAIOVEANU,0
00038,HABARNAM SRL,RO17362390,4111.00038,RO,B,Bld Dacia nr 57 et 2 ap5,RO56INGB0000999901176901,ING BANK ROMANIA,2312676,,,j40/4972/2005,,,,,,CRISTIAN FIRCA,0
00039,TWINS STUDIO SRL,RO15262646,4111.00039,RO,IF,Str. SF GHEORGHE 20 Oras Pantelimon,RO19BRDE441SV20057894410,BANCA ROMANA DE DEZVOLTARE,4109899,,,J23/1471/2005,,,,,,FM,0
00040,LAVOBAD IMPEX S.R.L.,RO4264560,4111.00040,RO,B,Str. RADITEI 31 BUCURESTI,RO78BTRL04501202858636XX,BANCA TRANSILVANIA,-,,,J40/14674/1993,,,,,,CRISTIAN FIRCA,0
00041,NEORTIC MOTORS SRL,RO26049750,4111.00041,RO,B,Sos. PIPERA 48 Bucuresti,RO64RNCB0072150309090001,BANCA COMERCIALA ROMANA,0729881347,office@icatch.ro,,J40/9425/2009,,,,,,BOGDAN CRAIOVEANU,0
00042,CONARG AG SRL,RO20437698,4111.00042,RO,AG,Str. NEGRU VODA 30 Pitesti,,,0745109327,,,J03/7/2007,,,,,,BOGDAN CRAIOVEANU,0
00043,NESTLE  ROMANIA SRL,RO8184502,4111.00043,RO,B,Str. GEORGE CONSTANTINESCU 3 Bucuresti,,,0720444907,,,J40/10813/2010,,,,,,CRISTIAN FIRCA,0
00044,CRISTIAN TUDOR,1821224420010,4111.00044,RO,,,,,,,,,,,,,,CRISTIAN FIRCA,0
00045,PHARMA NETWORK CO SRL,RO36454172,4111.00045,RO,AG,Str. Principala 35 Bajesti,,,0756042010,,,J03/1450/2016,,,,,,BOGDAN CRAIOVEANU,0
00046,KRM FOOTWEAR ROMANIA SRL,RO27980569,4111.00046,RO,CJ,Str. TUDOR VLADIMIRESCU FN Cluj-Napoca,RO69BRDE130SV29946401300,BANCA ROMANA DE DEZVOLTARE,0264435714,,,J12/167/2011,,,,,,BOGDAN CRAIOVEANU,0
00047,DINAMIC DESIGN PROJECT SRL,RO35279162,4111.00047,RO,B,Str. TATULESTI 5 Bucuresti,RO49INGB0000999905487222,ING BANK ROMANIA,-,,,J40/14556/2015,,,,,,BOGDAN CRAIOVEANU,0
00048,MHS BACAU TRUCK & BUS SRL,RO24463487,4111.00048,RO,BC,NICOLAE BALCESCU - Nicolae Balcescu,RO77BRDE450SV63867204500,BANCA ROMANA DE DEZVOLTARE,0730 016657,,,J04/1635/2008,,,,,,CRISTIAN FIRCA,0
00049,YAIL SOLUTIONS SRL,RO26956546,4111.00049,RO,IF,"ORS. VOLUNTARI, SOS. EROU NICOLAE IANCU, NR.41BIS, BL.T13 P259 LOT 2, ET.PARTER",RO62RZBR0000060015142238,RAIFFEISENBANK ROMANIA.,0721563558,,,J23/3440/2012,,,,,,BOGDAN CRAIOVEANU,0
00050,PET PRODUCT SRL,RO11156707,4111.00050,RO,B,"SECTOR 3, B-DUL BUREBISTA, NR.4, BL.D13, SC.2, ET.7, AP.60",RO04BACX0000001135862000,UNICREDIT BANK SA,0213203573,elena.anghel@animax.ro,,J40/11074/1998,,,,,,CRISTIAN FIRCA,0
00051,LP HOSPITALITY CONSULTING SRL,35649095,4111.00051,RO,IF,"ORS. VOLUNTARI, STR. EROU IANCU NICOLAE, NR.52-54, VILA A7, COMPLEX CLIMA",,,-,,,J23/601/2016,,,,,,CRISTIAN FIRCA,0
00052,BIOTRICITY POWER SRL,RO26469702,4111.00052,RO,B,Calea BUCURESTI - Pitesti,,,0721298107,,,J03/117/2010,,,,,,BOGDAN CRAIOVEANU,0
00053,LUMPLANET SRL,RO1010600011093,4111.00053,MD,,STR SUCEAVA NR.110 MD 2051 - ADDRESS ALBA IULIA STR 204/MD2071,,,,,,0506093,,,,,,BOGDAN CRAIOVEANU,0
00054,ODRA IMPEX SRL,RO7176587,4111.00054,RO,IF,"ORS. POPESTI-LEORDENI, STR. SF. AGNES, NR.206",,,0744649433,,,J23/3935/2008,,,,,,CR,0
00055,CHORUS MARKETING AND DISTRIBUTION SRL,RO13808750,4111.00055,RO,GL,"MUN. GALATI, STR. TIMISULUI, NR.1",,,0236311168,,,J17/215/2001,,,,,,HORIA TODEA,0
00056,INESA EUROPA KFT,HU25361766,4111.00056,HU,,"30 PALLAG UTCA, DUNAKESZI, H-2120",HU80 17500014 90020050 01312636,,,,,,,,,,,CRISTIAN FIRCA,0
00057,STANDARD STUDIO SRL,RO27841587,4111.00057,RO,B,"SECTOR 1, BLD. G-RAL GHEORGHE MAGHERU, NR.11, FOSTUL NR. 23, ET.5",,,0318059289,,,J40/12601/2010,,,,,,BOGDAN CRAIOVEANU,0
00058,KMP PRINT TECHNIK SRL,RO6615323,4111.00058,RO,B,"SECTOR 1, STR. SIRIULUI, NR.36-40",,,0212322941,,,J40/24932/1994,,,,,,CRISTIAN FIRCA,0
00059,BRATCOROM IMPORT EXPORT S.R.L.,RO8843220,4111.00059,RO,B,Str. NICODIM 23 BUCURESTI,,,0744323847,,,J40/8097/1996,,,,,,BOGDAN CRAIOVEANU,0
00060,RUXANDESCU LAURA,2880516100179,4111.00060,RO,B,Str Calea Vitan 231,,,,,,,,,,,,CRISTIAN FIRCA,0
00061,AMA OPTIMEX S.R.L.,35629,4111.00061,RO,B,Str. TOAMNEI 54 BUCURESTI,RO29RNCB0088002065310001,BANCA COMERCIALA ROMANA,0216103647,,,J40/2891/1991,,,,,,CRISTIAN FIRCA,0
00062,BRIANTECS S.R.L.,RO9480085,4111.00062,RO,VL,"MUN. RAMNICU VALCEA, STR. REPUBLICII, NR.15, BL.R.26, SC.A, ET.2, AP.8",,,0250740803,,,J38/293/2001,,,,,,BOGDAN CRAIOVEANU,0
00063,C & I GRUP INTERNATIONAL S.R.L.,RO14860544,4111.00063,RO,B,Str. Avalansei 18 BUCURESTI,,,0213308132,,,J40/8541/2002,,,,,,ADRIAN STANCIU,0
00064,AMBASADA REPUBLICII FEDERALE GERMANIA,,4111.00064,DE,B,STR. GH DEMETRIADE NR.6-8,RO67BRDE445SV76629784450,BANCA ROMANA DE DEZVOLTARE,,,,,,,,,,ADRIAN STANCIU,0
00065,GLOBAL TECHNICAL SYSTEMS SRL,RO22029652,4111.00065,RO,B,"SECTOR 3, CAL. CALARASILOR, NR.101",RO69BRDE441SV91500304410,BANCA ROMANA DE DEZVOLTARE,+40372777333,,,J40/12586/2007,,,,,,BOGDAN CRAIOVEANU,0
00066,ARIAN MOTORS SRL,RO5791623,4111.00066,RO,B,"SECTOR 6, BLD. IULIU MANIU, NR.246, BL.CENTRAL, ET.3, AP.CAMERA 308",RO46 RNCB 0072 0238 5811 0181,BANCA COMERCIALA ROMANA,0213145573,,,J40/11079/1994,,,,,,BOGDAN CRAIOVEANU,0
00067,BUSINESS DEVELOPMENT TEAM SRL,RO12519681,4111.00067,RO,B,Str. DAMBOVITEI 10B Bucuresti,RO75BACX0000003005129001,UNICREDIT BANK SA,0212211515,,,J40/11459/1999,,,,,,BOGDAN CRAIOVEANU,0
00068,EXPOCAR TRADE SRL,RO18273640,4111.00068,RO,CT,"MUN. CONSTANTA, STR. BABA NOVAC (CORPUL A), NR.165", RO24 OTPV 0000 0000 0258 4518,OTP BANK ROMANIA SA,0241694211,,,J13/35/2006,,,,,,BOGDAN CRAIOVEANU,0
00069,AUTOSINCRON SRL,RO208320,4111.00069,RO,CJ,"MUN. CLUJ-NAPOCA, CAL. TURZII, NR.152", RO64 BACX 0000 0030 0564 0001,UNICREDIT BANK SA,0741333819,,,J12/1045/1991,,,,,,BOGDAN CRAIOVEANU,0
00070,MOTORS CITY CENTER S.R.L.,RO21723116,4111.00070,RO,PH,"MUN. PLOIESTI, STR. STRANDULUI, NR.150",RO51 BRDE 300S V818 4258 3000,BANCA ROMANA DE DEZVOLTARE,0720880928,,,J29/1203/2007,,,,,,BOGDAN CRAIOVEANU,0
00071,Porr Construct S.R.L.,RO16601724,4111.00071,RO,B,"BLD DIMITRIE POMPEIU NR.5-7, SPATIUL A, ETAJ 3, BUCURESTI",RO20RZBR0000060011347384,RAIFFEISENBANK ROMANIA.,0723475706,,,J40/11341/2004,,,,,,CRISTIAN FIRCA,0
00072,BROS EVENTS SRL,RO27502939,4111.00072,RO,CT,"MUN. CONSTANTA, STR. PIATA OVIDIU, NR.14, SPATIUL COMERCIAL NR.2, BL.B, SC.C, ET.P",,,0732190632,,,J13/1845/2010,,,,,,CRISTIAN FIRCA,0
00073,NAGA IMOB S.R.L.,RO21685772,4111.00073,RO,B,"Str. Emanoil Porumbaru 27, CORP A BUCURESTI",,,2226945,,,J40/8763/2007,,,,,,CRISTIAN FIRCA,0
00074,RADACINI MOTORS SRL,RO17083558,4111.00074,RO,B,"SECTOR 6, B-DUL TIMISOARA, NR.18",RO68 RNCB 0072 0496 7485 0002,BANCA COMERCIALA ROMANA,0213185557,,,J40/21994/2004,,,,,,BOGDAN CRAIOVEANU,0
00075,IRMEX SA,RO2267978,4111.00075,RO,BR,"MUN. BRAILA, SOS. RAMNICU SARAT, NR.74",RO17 RNCB 0048 0259 2595 0046,BANCA COMERCIALA ROMANA,0239613121,,,J09/76/1991,,,,,,BOGDAN CRAIOVEANU,0
00076,PREMIER MOTORS S.R.L.,RO17488098,4111.00076,RO,AR,"MUN. ARAD, STR. PETRU RARES, NR.79",RO11 BACX 0000 0002 4404 3001,UNICREDIT BANK SA,0257276505,,,J02/735/2005,,,,,,BOGDAN CRAIOVEANU,0
00077,ATP MOTORS RO SRL,RO22315700,4111.00077,RO,B,"MUN. BAIA MARE, BLD. BUCURESTI, NR.65",RO59 BRDE 250S V254 5237 2500,BANCA ROMANA DE DEZVOLTARE,0362805695,,,J24/1554/2007,,,,,,BOGDAN CRAIOVEANU,0
00078,CASA AUTO IASI SRL,RO4981476,4111.00078,RO,IS,"MUN. IASI, SOS. PACURARI, NR.177, SPATIUL S1",RO04RZBR0000060013805070,RAIFFEISENBANK ROMANIA.,0232272333,,,J22/2773/1993,,,,,,BOGDAN CRAIOVEANU,0
00079,SIMODE IMPEX S.R.L.,RO5983360,4111.00079,RO,B,"SAT PIELESTI COM. PIELESTI, CALEA BUCURESTI, NR.138/2",,,0251406851,,,J16/1951/1994,,,,,,BOGDAN CRAIOVEANU,0
00080,RADACINI MOTORS BRASOV SRL,RO18853051,4111.00080,RO,B,"ORS. OTOPENI, CAL. BUCURESTILOR, NR.105, ET.1",,,0722631673,,,J23/1430/2006,,,,,,BOGDAN CRAIOVEANU,0
00081,LUXTEN LIGHTING COMPANY SA,RO6734030,4111.00081,RO,B,"SECTOR 1, STR. PARANGULUI, NR.76",RO05CITI0000000824949018,CITI BANK ROMANIA,0216688839,,,J40/9082/2009,,,,,,CRISTIAN FIRCA,0
00082,M.C. GENERAL CONSTRUCT SRL,RO15757211,4111.00082,RO,B,"SECTOR 2, BLD. FERDINAND I, NR.58, SC.C, ET.1, AP.BIROUL 1",,,3106063,,,J40/12661/2003,,,,,,FM,0
00083,NETWORK ONE DISTRIBUTION SRL,RO15056387,4111.00083,RO,B,"str . MARCEL IANCU, nr. 3-5, ET P SECT 2 BUCURESTI",RO91 RZBR 0000 0600 1478 8636,RAIFFEISENBANK ROMANIA.,0244519851,office@icatch.ro,,J40/14309/2012,,,,,,CRISTIAN LETOS,0
00084,AKT INVEST SRL,RO18187018,4111.00084,RO,TM,Str. SOMES 4 Timisoara,,,0744600800,office@icatch.ro,,J35/3848/2005,,,,,,BOGDAN CRAIOVEANU,0
00085,NAPOCA TREK S.R.L.,RO28409928,4111.00085,RO,CJ,"MUN. CLUJ-NAPOCA, STR. REPUBLICII, NR.43/A, AP.1",,,0740235011,,,J12/1170/2011,,,,,,BOGDAN CRAIOVEANU,0
00086,PHM COMSERV SRL,RO21314065,4111.00086,RO,B,"SECTOR 4, SOS. BERCENI, NR.8, BL.CLADIREA C11",,,0745984165,,,J40/4875/2007,,,,,,BOGDAN CRAIOVEANU,0
00087,FILIP ANDREI-MIRCEA,1740820413019,4111.00087,RO,B,,,,,,,,,,,,,CRISTIAN FIRCA,0
00088,DIGITAL MOMENTS SRL,RO21676944,4111.00088,RO,AG,Str. EXERCITIU - Pitesti,,,348430579,,,J03/919/2007,,,,,,BOGDAN CRAIOVEANU,0
00089,RUBICON FLOREASCA SRL,RO33850733,4111.00089,RO,B,"SECTOR 2, STR. GHEORGHE TITEICA, NR.212-214, PARTER",,,-,,,J40/13842/2014,,,,,,CRISTIAN FIRCA,0
00090,LSG BUILDING SOLUTIONS SRL,RO27343230,4111.00090,RO,B,HAGI GHITA 89-91 Bucuresti,,,0721284214,,,J40/8315/2010,,,,,,FM,0
00091,PROMELEK XXI S.A.,RO6845993,4111.00091,RO,CJ,"SAT APAHIDA COM. APAHIDA, STR. LIBERTATII, NR.21",,,0264374748,,,J12/4202/1994,,,,,,BOGDAN CRAIOVEANU,0
00092,INTANGGO S.R.L.,RO15306882,4111.00092,RO,TM,"MUN. TIMISOARA, STR. LUCIAN BLAGA, NR.1, ET.P, AP.21C",,,0256202389,,,J35/717/2003,,,,,,BOGDAN CRAIOVEANU,0
00093,CON-A S.R.L.,RO792555,4111.00093,RO,SB,"SAT SELIMBAR COM. SELIMBAR, STR. MIHAI VITEAZU, NR.2B",,,0269206300,,,J32/586/1991,,,,,,BOGDAN CRAIOVEANU,0
00094,NOVIS PLAZA SRL,RO35226850,4111.00094,RO,CJ," CJ-NAPOCA,STR. TAIETURA TURCULUI, NR.47, IN INC CENTR. INTEGRAT DE BUSINESS NOVIS PLACE CORP A,ET3",,,-,,,J12/3454/2015,,,,,,BOGDAN CRAIOVEANU,0
00095,GRAPHIC INSTAL STUDIO SRL,RO21927795,4111.00095,RO,B,Str. Sold. Neagu Florea 7 Bucuresti,,,-,,,J40/11497/2007,,,,,,BOGDAN CRAIOVEANU,0
00096,STAR MOTORS LTD,BG130571835,4111.00096,BG,,"blvd Christopher Columbus 43, Sofia 1592",,,,,,,,,,,,BOGDAN CRAIOVEANU,0
00097,CON- A ELECTRIC SRL,RO15826940,4111.00097,RO,SB,"SAT SELIMBAR COM. SELIMBAR, STR. MIHAI VITEAZU, NR.2B",,,0269560423,,,J32/1350/2003,,,,,,BOGDAN CRAIOVEANU,0
00098,SMART ID DYNAMICS SA,RO27043917,4111.00098,RO,B,"SECTOR 1, STR. SIRIULUI, NR.36-40, ET.II",,,0040(0)21 23321,,,J40/5939/2010,,,,,,BOGDAN CRAIOVEANU,0
00099,COMPLEXUL EDUCATIONAL LAUDER REUT,26468197,4111.00099,RO,,"SECTOR 3, STR. IULIU BARASCH, NR.15",RO52RZBR0000060012503145,RAIFFEISENBANK ROMANIA.,-,,,-/-/-,,,,,,FM,0
00100,KRENIC S.R.L.,RO23343296,4111.00100,RO,TR,"MUN. ROSIORI DE VEDE, STR. SG. IZBICEANU, NR.28, BL.W3, SC.A, ET.2, AP.10",,,-,,,J34/145/2008,,,,,,BOGDAN CRAIOVEANU,0
00101,ELTREX SRL,RO11738772,4111.00101,RO,TM,"MUN. TIMISOARA, STR. GRIGORE ALEXANDRESCU PRELUNGIRE, NR.180",RO60PIRB4212762759001000,PIRAEUS BANK ROMANIA,0727228477,,,J35/396/1999,,,,,,BOGDAN CRAIOVEANU,0
00102,Dall Net International S.R.L.,RO15081364,4111.00102,RO,B,"SECTOR 1, CALEA DOROBANTILOR, NR.168, BL.15, SC.A, ET.9, AP.36",,,0740200240,,,J40/12958/2002,,,,,,CRISTIAN FIRCA,0
00103,KAROLY & GM SRL,RO16297359,4111.00103,RO,SM,"MUN. SATU MARE, STR. ZUTPHEN, NR.51",,,0726730130,,,J30/397/2004,,,,,,CRISTIAN FIRCA,0
00104,MLH CREATION FACTORY S.R.L.,RO3154136,4111.00104,RO,B,"SECTOR 1, INTR. TOCULUI, NR.6",,,0212323733,,,J40/2290/1993,,,,,,CRISTIAN LETOS,0
00105,COFFEE SHOP NETWORK SRL,RO37113793,4111.00105,RO,B,"SECTOR 4, STR. ARGESELU, NR.11-13, BL.35, SC.1, ET.2, AP.12",RO43RZBR0000060019326093,RAIFFEISENBANK ROMANIA.,0723622253,,,J40/2260/2017,,,,,,CRISTIAN FIRCA,0
00106,GEMA EXIMCO 2000 SRL,RO6454669,4111.00106,RO,B,"SECTOR 2, STR. NICOLAE CANEA, NR.160",,,2424974,,,J40/20841/1994,,,,,,CRISTIAN FIRCA,0
00107,ABBATE SERVCOMEXIM SRL,RO9607341,4111.00107,RO,B,"SECTOR 5, CALEA 13 SEPTEMBRIE, NR.208, BL.V39, SC.1, AP.3",,,0214104273,,,J40/5678/1997,,,,,,BOGDAN CRAIOVEANU,0
00108,TIMISOARA OFFICE BUILDING S.R.L.,RO25051468,4111.00108,RO,B,"SECTOR 2, STR. BARBU VACARESCU, NR.301-311, ET.3, AP.BIROUL 31",,,0256491042,,,J40/11624/2012,,,,,,BOGDAN CRAIOVEANU,0
00109,CLIMTEH SRL,RO7742,4111.00109,RO,B,"SECTOR 2, SOS. VERGULUI, NR.14A",,,0212555742,,,J40/15531/1992,,,,,,BOGDAN CRAIOVEANU,0
00110,BEE VISION S.R.L.,RO18369770,4111.00110,RO,B,Aleea SINAIA 2 BUCURESTI,,,0318058233,,,J40/2110/2006,,,,,,BOGDAN CRAIOVEANU,0
00111,ELECTRO STIL VISION S.R.L.,RO17324737,4111.00111,RO,B,B-dul Chisinau 11 BUCURESTI,RO11BRMA0999100076939038,BANCA ROMANEASCA,-,,,J40/4368/2005,,,,,,FM,0
00112,NOVA PROMPT SRL,RO15366582,4111.00112,RO,B,"SECTOR 3, STR. MIZIL, NR.60",,,0748222992,,,J40/5034/2003,,,,,,FM,0
00113,A.B.M. ORIGINAL MANAGEMENT SRL,RO23581999,4111.00113,RO,B,"SECTOR 1, STR. HRISOVULUI, NR.2-4, PARTER, BL.2, AP.88",RO62BRMA0570027930900000,BANCA ROMANEASCA,0769076911,,,J40/5516/2008,,,,,,CRISTIAN FIRCA,0
00114,SMART EST PROIECT SRL,RO21457146,4111.00114,RO,VN,"MUN. FOCSANI, STR. REPUBLICII, NR.9, ET.4",,,0765388756,,,J39/545/2013,,,,,,BOGDAN CRAIOVEANU,0
00115,LAND DEVELOPMENT PROIECT SRL,RO13923725,4111.00115,RO,B,"SECTOR 6, B-DUL IULIU MANIU, NR.560A, ET.1, AP.BIROU NR.1",RO20CITI0000000724581005,CITI BANK ROMANIA,0723240484,,,J40/5336/2001,,,,,,CRISTIAN FIRCA,0
00116,BORUZESCU NICOLAE STEFAN,1660608280801,4111.00116,RO,B,Bld Energeticienilor nr 9 Bl M4a sc.2 et.2 ap.39,,,,,,,,,,,,CRISTIAN FIRCA,0
00117,IMSAT SA,RO1571536,4111.00117,RO,B,"SECTOR 6, B-DUL IULIU MANIU, NR.7, ET.3",,,0213166600,,,J40/1015/1991,,,,,,HORIA TODEA,0
00118,MATACHE RUSEA,CNP1530530400757,4111.00118,RO,B,"Erou Nicolae Iancu 27D, Ilfov",,,,,,,,,,,,CRISTIAN FIRCA,0
00119,ELECTROCENTER SRL,RO14162240,4111.00119,RO,MM,"MUN. BAIA MARE, STR. PASUNII, NR.1B, AP.59",RO84RZBR0000060013427852,RAIFFEISENBANK ROMANIA.,0262439159,,,J24/542/2001,,,,,,BOGDAN CRAIOVEANU,0
00120,IAMSAT MUNTENIA SA,RO4195703,4111.00120,RO,B,"SECTOR 3, SPL. UNIRII, NR.235-237",RO28BRDE450SV02779524500,BANCA ROMANA DE DEZVOLTARE,0312287100,,,J40/16340/1993,,,,,,HORIA TODEA,0
00121,ANGHELEA ADRIAN-VASILE,1751017080036,4111.00121,RO,IF,"Str. Patriarh Miron Cristea nr. 28, Ciorogarla, if513804",,,,,,,,,,,,,0
00122,INTERNATIONAL SCHOOL FOR PRIMARY EDUCATION,9154/A/2008,4111.00122,RO,B,"Str. Petre Aurelian 72, sector 1",,,,,,,,,,,,CRISTIAN FIRCA,0
00123,DAL COM IMPEX 93 SRL,RO3806175,4111.00123,RO,B,"SECTOR 2, B-DUL CHISINAU, NR.6-8",,,0723523244,,,J40/9942/1993,,,,,,CRISTIAN FIRCA,0
00124,UPSCALE DEVELOPMENT SRL,RO22410869,4111.00124,RO,B,"SECTOR 2, STR. GHEORGHE TITEICA, NR.212-214, CLADIREA DE BIROURI ETHOS HOUSE, BIROUL NR.10, ET.6",,,0742102052,,,J40/17197/2007,,,,,,CRISTIAN FIRCA,0
00125,MAGIC HUB SRL,RO17345845,4111.00125,RO,B,"SECTOR 4, STR. CERCETATORILOR, NR.4, BL.26, SC.2, ET.7, AP.64",,,07112790,,,J40/4772/2005,,,,,,BOGDAN CRAIOVEANU,0
00126,10DGT COMEX SRL,RO26361025,4111.00126,RO,DJ,"SAT PIELESTI COM. PIELESTI, STR. MAGNOLIA, NR.55",RO90RZBR0000060012228339,RAIFFEISENBANK ROMANIA.,0760324740,,,J16/1664/2009,,,,,,CRISTIAN FIRCA,0
00127,VIVA SISTEM ELECTRIC SRL,RO18774608,4111.00127,RO,PH,"MUN. PLOIESTI, STR. MARIN MEHEDINTEANU, NR.5",RO75BTRL03001202A83012XX,BANCA TRANSILVANIA,0244515601,,,J29/1319/2006,,,,,,BOGDAN CRAIOVEANU,0
00128,GREEN ENVIRONMENT SUPPORT,RO28514770,4111.00128,RO,B,Str. CERCETATORILOR 4 Bucuresti,,,0723699611,,,J40/14450/2013,,,,,,BOGDAN CRAIOVEANU,0
00129,ATELIER OLAH SRL,37346977,4111.00129,RO,B,"SECTOR 6, STR. PRAVAT, NR.6, BL.P4, SC.8, ET.2, AP.150",RO60BTRLRONCRT0390888401,BANCA TRANSILVANIA,0722694854,office@atelierolah.ro,,J40/4786/2017,,,,,,PAUL MOSSANG,0
00130,PROCESS ENGINEERING SRL,RO16217333,4111.00130,RO,B,"SECTOR 2, STR. EUFROSIN POTECA, NR.26, ET.P, AP.1",,,0213135473,,,J40/3719/2004,,,,,,BOGDAN CRAIOVEANU,0
00131,BK TECHNIK SRL,RO13901263,4111.00131,RO,B,"SECTOR 1, STR. ALBAC, NR.10A",RO33BACX000000076000,UNICREDIT BANK SA,0213155622,office@bktechnik.ro,,J40/2095/2002,,,,,,HORIA TODEA,0
00132,ROMTEST ELECTRONIC SRL,RO403283,4111.00132,RO,B,"SECTOR 5, STR. IACOBENI, NR.4",RO63RNCB0072049715260001,BANCA COMERCIALA ROMANA,0214233607,,,J40/3825/1991,,,,,,HORIA TODEA,0
00133,MEDIA ONE SRL,RO6884372,4111.00133,RO,PH,"MUN. PLOIESTI, STR. MIHAI BRAVU, NR.6",,,0213150516,,,J29/3019/1994,,,,,,CRISTIAN FIRCA,0
00134,REINVENT ENERGY SRL,RO37358718,4111.00134,RO,B,"SECTOR 3, STR. BABA NOVAC, NR.8A, CAMERA NR. 22105, BL.C, ET.2, AP.221",,,-,,,J40/4935/2017,,,,,,HORIA TODEA,0
00135,PLASTIC LEGNO ROMANIA SRL,RO8746767,4111.00135,RO,B,"SECTOR 2, SOS Centura 10-11 corp C5, Chiajna",,,0214936050,,,J23/5408/2017,,,,,,HORIA TODEA,0
00136,SUNINVEST IMOBILIARE S.R.L.,RO21103947,4111.00136,RO,B,"Str. Industriilor 4-5, Comuna Clinceni, Ilfov",RO70BACX0000004513925000,UNICREDIT BANK SA,0744317001,,,J40/3161/2007,,,,,,HORIA TODEA,0
00137,YVES ROCHER ROMANIA SRL,RO25157427,4111.00137,RO,B,"SECTOR 1, STR. ION CAMPINEANU, NR.11, BIROU 6.03, 6.04, ET.6",,,0213373711,,,J40/2299/2009,,,,,,BOGDAN CRAIOVEANU,0
00138,LETICS ATELIER SRL,RO34877168,4111.00138,RO,IF,"JUD. ILFOV, ORS. MAGURELE, STR. LACULUI, NR.32, PARTER, CAMERA NR.15",,,-,,,J23/2818/2015,,,,,,PAUL MOSSANG,0
00139,HTO ARCHITECTURE & ENGINEERING SRL,RO34585830,4111.00139,RO,B,"MUNICIPIUL BUCURESTI, SECTOR 1, STR. VISARION, NR.10, ET.2",RO26MIRO0000139224700001,PROCREDIT BANK,-,,,J40/6520/2015,,,,,,PAUL MOSSANG,0
00140,TIVIERRE CONSULTING SRL,RO18933649,4111.00140,RO,IF,"JUD. ILFOV, SAT STEFANESTII DE JOS COM. STEFANESTII DE JOS, STR. VERDE, NR.3, CAM. 6, BL.G9, ET.1, A",RO50BRDE441SV80594974410,BANCA ROMANA DE DEZVOLTARE,0213615216,,,J23/1554/2010,,,,,,CRISTIAN FIRCA,0
00141,PXF LIGHTING,PL9510026664,4111.00141,PL,,,,,,,,,,,,,,CRISTIAN FIRCA,0
00142,HARD INSTAL CONSULTING S.R.L.,RO26950217,4111.00142,RO,IF,"JUD. ILFOV, SAT VOLUNTARI ORS. VOLUNTARI, STR. POPASULUI, NR.32",RO 09 INGB 0000 9999 0194 3174,ING BANK ROMANIA,0755023521,,,J23/1484/2010,,,,,,HORIA TODEA,0
00143,QVADRA CONSTRUCTIONS CONSULTING SRL,RO20461289,4111.00143,RO,B,"MUNICIPIUL BUCURESTI, SECTOR 4, BLD. MARASESTI, NR.2B, BL.D, SC.2, ET.P",,,0728121520,,,J40/318/2007,,,,,,BOGDAN CRAIOVEANU,0
00144,ICATCH DESIGN SRL,RO33302129,4111.00144,RO,B,"MUNICIPIUL BUCURESTI, SECTOR 1, STR. MOECIU, NR.3, CAMERA 1, ET.1",,,0720724647,,,J40/7381/2014,,,,,,CRISTIAN FIRCA,0
00145,PESCARUS HERASTRAU SRL,RO33836062,4111.00145,RO,B,"MUNICIPIUL BUCURESTI, SECTOR 1, BLD. AVIATORILOR, NR.1",RO67RZBR0000060017317470,RAIFFEISENBANK ROMANIA.,-,,,J40/13692/2014,,,,,,BOGDAN CRAIOVEANU,0
00146,MAROZA NATURAL SRL,RO37792287,4111.00146,RO,,"SECTOR 2, B-DUL DACIA, NR.107, CAMERA NR. 5, ET.1",RO89BTRLRONCRT0400134501,BANCA TRANSILVANIA,0724000289,paul.stancu@maroza.ro,,J40/9697/2017,,,,,,CRISTIAN FIRCA,0
00147,CONSTRUCTII ERBASU SA,RO430008,4111.00147,RO,B,"SECTOR 1, STR. NICOLAE G. CARAMFIL, NR.72, BL.XXII A, ET.P, AP.1(C 2,4),2",,,0212323545,,,J40/2205/1991,,,,,,HORIA TODEA,0
00148,ADVANCED LTD,203764090,4111.00148,BG,,JANE SANSANSKI 1,,,,,,,,,,,,CRISTIAN FIRCA,0
00149,GERMAN QUALITY SOLUTION SRL,RO18530077,4111.00149,RO,B,"SECTOR 2, INT. CHEFALULUI, NR.11-13, SPATIILE COMERCIALE NR.1, NR.2 SI NR.4, BL.D, ET.PARTER",RO15 BTRL 0430 1202 6715 62XX,BANCA TRANSILVANIA,0216655068,,,J40/5152/2006,,,,,,ADRIAN STANCIU,0
00150,MHT EXPERIENCE SRL,RO30090250,4111.00150,RO,B,"SECTOR 6, STR. VALEA CALUGAREASCA, NR.15, BL.Z1, SC.1, ET.7, AP.44",RO87INGB0000999903831718,ING BANK ROMANIA,0751217787,c.simion@mht-experience.ro,,J40/4492/2012,,,,,,BOGDAN CRAIOVEANU,0
00151,SAMSIC CONTRACT CLEANING SRL,RO17972585,4111.00151,RO,B,"SECTOR 2, SOS. PIPERA, NR.59, ET.1, AP.BIROUL 2",RO26BACX0000000028191250,UNICREDIT BANK SA,0314054817,Paul.Popa@samsic.ro,,J40/16019/2005,,,,,,BOGDAN CRAIOVEANU,0
00152,CONTUR CONCEPT SRL,RO24610014,4111.00152,RO,B,Str. NICOLAE CONSTANTINESCU 7A Bucuresti,RO74BACX0000000279061001,UNICREDIT BANK SA,0741073474,,,J40/17654/2008,,,,,,CRISTIAN FIRCA,0
00153,TRIAC INST 96 SRL,RO8489442,4111.00153,RO,B,"SECTOR 4, B-DUL GHEORGHE SINCAI, NR.5, BL.2, SC.2, ET.2, AP.38",RO67BPSO81002695429ROL01,,0744497087,,,J40/3928/1996,,,,,,HORIA TODEA,0
00154,SILVIA MITAN,2690330424513,4111.00154,RO,B,"Str.Dambovitei nr.40, Bl. 1, Sc.1, Etaj 6, ap.62, Sector 6.",,,,,,,,,,,,PAUL MOSSANG,0
00155,NOVEX-YORDANOV EOOD,BG121334680,4111.00155,BG,,"1421 Sofia, Tsanko Tserkovski street 3",,,,,,,,,,,,CRISTIAN FIRCA,0
00156,MERCURY LIGHTING SRL,RO4937616,4111.00156,RO,PH,"COM. BLEJOI, STR. DN1, KM 65+46 DR",,,0753039379,,,J29/2788/1993,,,,,,DANIELA MARIN,0
00157,ARC ELECTRONIC,RO6535640,4111.00157,RO,BV,"MUN. BRASOV, STR. FANTANII, NR.17",RO98BACX0000000129644000,UNICREDIT BANK SA,0751284149,dana.lazar@arc-electronic.ro,,J08/3212/1994,,,,,,BOGDAN CRAIOVEANU,0
00158,SOLAR VIP STUDIO MILITARI,39267764,4111.00158,RO,B,Bdul Iuliu maniu 7 bucureti sector 6,,,-,,,J40/2195/2015,,,,,,CRISTIAN FIRCA,0
00159,SOLARE VIP STUDIO SRL,34148894,4111.00159,RO,B,"SECTOR 3, STR. PLUT. NEDELCU ION, NR.3, CAMERA 2, BL.1A, SC.1, ET.1, AP.8",,,-,,,J40/2195/2015,,,,,,CRISTIAN FIRCA,0
00160,SOLAR VIP STUDIO TITAN SRL,35370561,4111.00160,RO,B,"SECTOR 3, STR. COLONEL IOSIF ALBU, NR.62A, ET.1",,,-,,,J40/15871/2015,,,,,,CRISTIAN FIRCA,0
00161,SOLAR VIP STUDIO SALAJAN SRL,35862041,4111.00161,RO,B,"SECTOR 3, B-DUL NICOLAE GRIGORESCU, NR.49, PARTER, BL.E1, SC.2, AP.45",,,-,,,J40/4467/2016,,,,,,CRISTIAN FIRCA,0
00162,PORTLAND TRUST DEVELOPMENTS ONE SRL,RO32606200,4111.00162,RO,B,"SECTOR 2, SOS. PIPERA, NR.46D-46E-48, OREGON PARK, CORP B, PARTER, UNITATILE B032 SI B042, BIROUL NU",,,0745340551,,,J40/15645/2013,,,,,,DANIELA MARIN,0
00163,LINE LIGHTING SRL,RO36002568,4111.00163,RO,B,"SECTOR 1, STR. EMANOIL PORUMBARU, NR.4-4A, ET.1",RO118TRLRONCRT0345095001,,-,,,J40/6060/2016,,,,,,BOGDAN CRAIOVEANU,0
00164,PLAZA EVENTS SRL,RO30406621,4111.00164,RO,CT,"MUN. CONSTANTA, STR. PESCARILOR, NR.26, LOT 1, CAMERA 2, BL.MZ11, ET.P",RO97INGB0000999905693453,ING BANK ROMANIA,-,,,J13/1460/2012,,,,,,FM,0
00165,KATA TECHNIK SRL,RO32355028,4111.00165,RO,B,"SECTOR 6, STR. PRECIZIEI, NR.11, HALA NR. 9",,,0761435240,,,J40/12715/2013,,,,,,CRISTIAN FIRCA,0
00166,DINU LUMINITA,2590923131237,4111.00166,RO,CT,mun. Constanta str. Theodor Sperantia nr. 112,,,,,,,,,,,,FM,0
00167,G.I.S. SRL,RO6809320,4111.00167,RO,B,"SECTOR 5, STR. SUFARU GHEORGHE, NR.23-25",RO24 BACX 0000 0013 6127 8000,UNICREDIT BANK SA,0213267325,,,J40/26149/1994,,,,,,FM,0
00168,H2H FACILITIES,RO38402870,4111.00168,RO,BV,"JUD. BRASOV, SAT SANPETRU COM. SANPETRU, STR. MARTE, NR.23-27H",RO19 RNCB 0053 1569 4272 000,BANCA COMERCIALA ROMANA,-,,,,,,,,,BOGDAN CRAIOVEANU,0
00169,EGLO ROMANIA PRODEXIM SRL,RO8863465,4111.00169,RO,IF,"ORS. MAGURELE, STR. ATOMISTILOR, NR.1D",,,0314250902,,,J23/104/2013,,,,,,,0
00170,TWINS CAFE SRL,RO16975150,4111.00170,RO,B,"SECTOR 2, STR. GLODENI, NR.1-3",RO79BTRL 0410 1202 7871 65XX,BANCA TRANSILVANIA,2120121,,,J40/19287/2004,,,,,,DANIELA MARIN,0
00171,BOGDAN BANDILA,1690717264401,4111.00171,RO,B,Calea Victoriei 91-93,,,,,,,,,,,,FM,0
00172,R.C.T.I. COMPANY SRL,RO27549443,4111.00172,RO,B,"MUN. BRASOV, CAL. BUCURESTI, NR.71, BIROUL 1, ET.1",,,0722555519,,,J08/1147/2010,,,,,,FM,0
00173,DOROBANTU GEORGE DANIEL,1790906453034,4111.00173,RO,B,LACUL PLOPULUI NR5 BL P73 SC1 AP7 SEC5 BUCURESTI,,,,,,,,,,,,,0
00174,CRISTIAN LETOS,1730314463014,4111.00174,RO,B,,,,,,,,,,,,,CRISTIAN FIRCA,0
00175,LIGHT DESIGN ENGINEERING SRL,39545607,4111.00175,RO,B,"MUNICIPIUL BUCURESTI, SECTOR 1, STR. DOBROGEI, NR.5, CORP B, PARTER",,,,,,J40/9159/2018,,,,,,FM,0
00176,MEDIPLUS EXIM SRL,RO9311280,4111.00176,RO,IF,"COM. MOGOSOAIA, STR. CIOBANULUI, NR.133",,,0213017474,,,J23/741/2007,,,,,,ADRIAN STANCIU,0
00177,COTROCENI PARK SA,RO16785112,4111.00177,RO,B,"SECTOR 6, B-DUL VASILE MILEA, NR.4",,,03142575101112,,,J40/15178/2004,Daniel 0744437778,,,,,FM,0
00178,VOLTER SRL,RO22524553,4111.00178,RO,SV,"ORS. GURA HUMORULUI, BLD. BUCOVINA, NR.97",,,0726783279,,,J33/1522/2007,,,,,,BOGDAN CRAIOVEANU,0
00179,TWINS DOWNTOWN,RO27851688,4111.00179,RO,B,"SECTOR 2, STR. GLODENI, NR.1-3, AP.BIROU NR.2",,,021225926,,,J40/12755/2010,,,,,,DANIELA MARIN,0
00180,GLOBAL VISION PROPERTY MANAGEMENT SRL,RO28037573,4111.00180,RO,B,"SECTOR 2, STR. FABRICA DE GLUCOZA, NR.9B, BL.B, SC.B, ET.1, AP.102",,,0729038884,,,J40/1613/2011,,,,,,CRISTIAN FIRCA,0
00181,TOKO SRL,RO6118600,4111.00181,RO,B,"SECTOR 1, STR. NICOLAE G. CARAMFIL, NR.46, BL.11B, SC.1, ET.3, AP.16",,,0212323172,,,J40/15665/1994,,,,,,CRISTIAN FIRCA,0
00182,GLASSMET INDUSTRY SRL,RO32867583,4111.00182,RO,B,"SECTOR 3, STR. THEODOR SPERANTIA, NR.104, BL.S26, SC.3, ET.5, AP.81",,,-,,,J40/2538/2014,,,,,,PAUL MOSSANG,0
00183,FLEXIK AUTOMATION SRL,RO6351850,4111.00183,RO,TM,"Dumbravita, str. Petofi Sandor nr.81 jud Timis",,,0256291964,,,J35/2848/1994,,,,,,HORIA TODEA,0
00184,TO BE COMPLETED,,4111.00184,RO,,,,,,,,,,,,,,,0
00185,BREAST EXPERT SRL,RO33410139,4111.00185,RO,B,"SECTOR 1, STR. DIONISIE LUPU, NR.61, CAM.2, ET.2, AP.5",,,-,,,J40/8663/2014,,,,,,CRISTIAN FIRCA,0
00186,GREEN SEAS INTERNATIONAL MAINTENANCE SRL,RO36477168,4111.00186,RO,PH,"SAT FUNDENI COM. GURA VITIOAREI, FUNDENI, NR.87",,,0742138770,,,J29/1565/2016,,,,,,BOGDAN CRAIOVEANU,0
00187,TIAB SA,RO1555115,4111.00187,RO,B,"SECTOR 1, STR. PICTOR ARTHUR VERONA, NR.17",,,0213021230,,,J40/1847/1991,,,,,,BOGDAN CRAIOVEANU,0
00188,KRONSOFT DEVELOPMENT SRL,RO21878854,4111.00188,RO,BV,"MUN. BRASOV, BLD. SATURN, NR.51",RO23 RZBR 0000 0600 0927 5507,RAIFFEISENBANK ROMANIA.,0723360185,,,J08/1537/2007,,,,,,BOGDAN CRAIOVEANU,0
00189,IGNA CONSTRUCT SRL,RO70642,4111.00189,RO,BH,"MUN. ORADEA, STR. ALEXANDRU DONICI, NR.18",,,0745643009,,,J05/26/1992,,,,,,HORIA TODEA,0
00190,SC SOLO CAFE AUTOMATE SRL,RO17818692,4111.00190,RO,B,"SECTOR 5, CAL. RAHOVEI, NR.266-268, CORP 5, PARTER, AXELE A -D, STALPII 6-9, CAMERA 6",,,0722361689,,,J40/13126/2005,,,,,,,0
00191,PET CENTER TRADE SRL,RO25403319,4111.00191,RO,B,"SECTOR 6, BLD. IULIU MANIU, NR.560A, AP.R/6B",,,0314328756,,,J40/4457/2009,,,,,,,0
00192,ANGELS DISTRIBUTIONS SRL,RO24595267,4111.00192,RO,B,"SECTOR 3, STR. BABA NOVAC, NR.8A, BL.E, ET.4, AP.439",,,0743058811,,,J40/12221/2014,,,,,,BOGDAN CRAIOVEANU,0
00193,GANDABESCU ION,CNP1720213461550,4111.00193,RO,,"sector 3, strada odobesti 15, bl v15, ap 48",,,,,,,,,,,,,0
00194,MOOD MEDIA ROMANIA SRL,RO13259857,4111.00194,RO,B,"SECTOR 2, STR. GEORGE CONSTANTINESCU, NR.3, Intrarea A+D, PARTER si ET.3, sector 2",RO22 INGB 0001 0082 1435 8910,ING BANK ROMANIA,0213267204,,,J40/7311/2000,,,,,,CRISTIAN LETOS,0
00195,OPTIM PROJECT MANAGEMENT SRL,RO25797949,4111.00195,RO,B,"SECTOR 1, STR. EMANOIL PORUMBARU, NR.25A, ET.3, AP.BIROUL 3A",,,-,,,J40/8056/2009,,,,,,,0
00196,THE HUB TECHNOLOGY,RO38924939,4111.00196,RO,B,"Str. Rafael Sanzio 2,  sector 2",,,-,,,,,,,,,,0
00197,FOOD AND WINE STUDIO SRL,RO35526882,4111.00197,RO,IF,Str. EROU IANCU NICOLAE 52-54 Oras Voluntari,,,-,,,J23/342/2016,,,,,,,0
00198,MARCHIEVICI DAN,1711119335004,4111.00198,RO,B,"str. WASHINGTON 40-42,",,,,,,,,,,,,,0
00199,IGNA CONSTRUCT FILIALA BUCURESTI SRL,RO35260330,4111.00199,RO,B,"MUNICIPIUL BUCURESTI, SECTOR 6, B-DUL GHENCEA, NR.43B, DIN CADRUL CLADIRII DE BIROURI GHENCEA BUSINE",,,-,,,J40/14342/2015,,,,,,,0
00200,RUBIZ MANAGEMENT SRL,RO33370964,4111.00200,RO,B,"MUNICIPIUL BUCURESTI, SECTOR 1, STR.DRUMUL REGIMENTULUI, NR.79, PARTER,CAMERA 19, AP.2",,,-,,,J40/8203/2014,,,,,,,0
00201,BRANDIENT CONSULT S.R.L.,RO14562513,4111.00201,RO,B,"MUNICIPIUL BUCURESTI, SECTOR 1, STR. VARSOVIA, NR.4, ET.2",,,0212308173,,,J40/2760/2002,,,,,,,0
00202,BOG ART SRL,RO17487,4111.00202,RO,B,"MUNICIPIUL BUCURESTI, SECTOR 1, STR. ION BREZOIANU, NR.27",,,0213071241,,,J40/14881/1991,,,,,,,0
00203,KALVA SOLUTIONS SRL,RO24536740,4111.00203,RO,PH,"JUD. PRAHOVA, SAT BLEJOI COM. BLEJOI, NR.677",,,0729083967,,,J29/2677/2008,,,,,,,0
00204,INSTAL INVEST SERVICE MENTENANTA SRL,RO34300177,4111.00204,RO,IF,"JUD. ILFOV, ORS. POPESTI-LEORDENI, STR. SPLAIUL UNIRII, NR.9, BL.1, SC.B, ET.3, AP.88",,,-,,,J23/1084/2015,,,,,,,0
00205,A.M.E. RO SRL,RO13222840,4111.00205,RO,B,"JUD. ILFOV, ORS. OTOPENI, CALEA BUCURESTILOR, PARCELA 1940, NR.87A, ET.1",,,0212505692,,,J23/1362/2004,,,,,,,0
00206,GABRIEL NICOARA-BIROU INDIVIDUAL DE ARHITECTURA,RO21353471,4111.00206,RO,B,"MUNICIPIUL BUCURESTI, SECTOR 2, BLD. FERDINAND I, NR.121, BL.G-2, SC.C, ET.4, AP.58",,,-,,,-/-/-,,,,,,,0
00207,NEXTEL BUSINESS SOLUTIONS SRL,RO18010422,4111.00207,RO,B,"MUNICIPIUL BUCURESTI, SECTOR 1, STR. VALIUG, NR.32, ET.2",,,-,,,J40/16690/2005,,,,,,,0
00208,LIDA GMBH,ATU72420604,4111.00208,AT,,Jasomirgottstrasse 3a WIEN,,,,,,,,,,,,,0
00209,SIAC SA,RO515,4111.00209,RO,B,"MUNICIPIUL BUCURESTI, SECTOR 2, STR. LUIGI GALVANI, NR.20 BIS",,,3177678,,,J40/992/1991,,,,,,,0
00210,RENTALS SRL,RO16547110,4111.00210,RO,CT,"JUD. CONSTANTA, MUN. CONSTANTA, STR. THEODOR D. SPERANTIA, NR.112",,,0727291918,,,J13/6827/2004,,,,,,,0
00211,RESONANCE DISTRIBUTION SRL,RO25323457,4111.00211,RO,IS,"JUD. IASI, MUN. IASI, STR. RAMPEI, NR.9A",,,-,,,J22/651/2009,,,,,,,0
00212,BUCURESTI MALL DEVELOPMENT AND MANAGEMENT SRL,RO24339722,4111.00212,RO,B,"MUNICIPIUL BUCURESTI, SECTOR 3, CALEA VITAN, NR.55-59, ET.2, AP.BIR. S25A",,,0372089100,,,J40/14055/2008,,,,,,,0
00213,ANCHOR OFFICE DEVELOPMENT AND MANAGEMENT SRL,RO18883664,4111.00213,RO,B,"MUNICIPIUL BUCURESTI, SECTOR 6, B-DUL TIMISOARA, COMPL.COM.PLAZA ROMANIA, NR.26",,,0372088100,,,J40/12114/2006,,,,,,,0
00214,GOURMET FOOD SRL,RO32487916,4111.00214,RO,B,"MUNICIPIUL BUCURESTI, SECTOR 1, SOS. NORDULUI, NR.1D, CAMERA NR.3",,,-,,,J40/14261/2013,,,,,,,0
00215,TSB ELECTRO DISTRIBUTION SRL,RO31166748,4111.00215,RO,B,"MUNICIPIUL BUCURESTI, SECTOR 3, STR. ROTUNDA, NR.15, BL.H23, SC.1, ET.4, AP.15",,,-,,,J40/1151/2013,,,,,,,0
00216,CRISMAN ELECTRO CONSULTING SRL,RO23201453,4111.00216,RO,BV,"JUD. BRASOV, MUN. BRASOV, STR. CARPATILOR, NR.60, OBIECTIV TAMPLARIE INCINTA.SC METROM SA",,,0743072147,,,J08/266/2008,,,,,,,0
00217,ILLUMINARTE INTERNI SRL,RO33811394,4111.00217,RO,B,"MUNICIPIUL BUCURESTI, SECTOR 2, STR. STEFAN MIHAILEANU, NR.7, CORP A ,CAMERA 4, SC.1",,,-,,,J40/13414/2014,,,,,,,0
00218,APEX ALLIANCE AERO 5 SRL,RO38160351,4111.00218,RO,B,"MUNICIPIUL BUCURESTI, SECTOR 4, STR. EPISCOPUL CHESARIE, NR.15, TRONSON C, PARTER, BIROU NR.1, CAMER",,,-,,,,,,,,,,0
00219,URBANIA CORESI H1 S.R.L.,RO39248851,4111.00219,RO,B,"MUNICIPIUL BUCURESTI, SECTOR 6, STR. BRASOV, NR.25, CLADIREA DE BIROURI, CAMERA 14, ET.5",,,,,,,,,,,,,0
00220,BREAZU TIBERIU-STEFAN,1800806286041,4111.00220,RO,OT,scornicesti,,,,,,,,,,,,,0
00221,PORSCHE INTER AUTO ROMANIA SRL,RO22188461,4111.00221,RO,IF,"JUD. ILFOV, ORS. VOLUNTARI, BLD. PIPERA, NR.2, ET.2, AP.SALA 1",RO70RZBR0000060009434129,RAIFFEISENBANK ROMANIA.,-,,,J23/2067/2007,,,,,,,0
00222,STEINEL ELECTRONIC SRL,RO25619860,4111.00222,RO,AG,"JUD. ARGES, MUN. CURTEA DE ARGES, STR. RIMNICU VILCEA, NR.79",,,0744628074,,,J03/676/2009,,,,,,,0
00223,ASKO INTERNATIONAL SRL,RO14988790,4111.00223,RO,B,"MUNICIPIUL BUCURESTI, SECTOR 6, CAL. GIULESTI, NR.121D",,,0721556988,,,J40/11094/2002,,,,,,,0
00224,NEXT TOUR BUSINESS SRL,RO33696570,4111.00224,RO,B,"MUNICIPIUL BUCURESTI, SECTOR 5, STR. RADITEI, NR.29, IMOBIL C1, ET.1",,,-,,,J40/11924/2014,,,,,,,0
00225,GEMRADUO IMPEX  SRL,RO16692374,4111.00225,RO,B,"MUNICIPIUL BUCURESTI, SECTOR 3, SPL. UNIRII, NR.313, ET.3",,,0721642143,,,J38/764/2004,,,,,,,0
00226,TAILORED BEAUTY SRL,RO37890412,4111.00226,RO,IF,"JUD. ILFOV, SAT CORBEANCA COM. CORBEANCA, STR. LAGUNA ALBASTRA, NR.77, CAMERA 1",,,-,,,,,,,,,,0
00227,REDPORT ENGINEERING S.R.L.,RO35840469,4111.00227,RO,B,"MUNICIPIUL BUCURESTI, SECTOR 1, STR. PUTUL LUI ZAMFIR, NR.60, ET.3, AP.5",,,0213366104,,,J40/4243/2016,,,,,,,0
00228,BELISA SRL,RO5553494,4111.00228,RO,BV,"JUD. BRASOV, MUN. BRASOV, STR. FANTANII, NR.20A",,,412948,,,J08/827/1994,,,,,,,0
00229,XSTORAGE SECURITY SISTEM SRL,RO38032379,4111.00229,RO,B,"MUNICIPIUL BUCURESTI, SECTOR 1, STR. GORUNULUI, NR.24, CAM. 3",,,-,,,,,,,,,,0
00230,CTE TRAILERS SRL,RO14269085,4111.00230,RO,B,"JUD. ILFOV, SAT CIOROGARLA COM. CIOROGARLA, SOS. BUCURESTI, NR.57",,,0214105514,,,J23/1326/2008,,,,,,,0
00231,INVEST SERVICII COMERCIALE S.R.L.,RO226742,4111.00231,RO,CJ,"JUD. CLUJ, MUN. DEJ, STR. NICHITA STANESCU, NR.1",,,0264222777,,,J12/3621/1991,,,,,,,0
00232,SHAUL FELDINGER,1740202400078,4111.00232,RO,B,"STR. ANKARA 7, SECTOR 1",,,,office@icatch.ro,,,,,,,,,0
00233,WANTAD ARGUMENT S.R.L.,RO15158808,4111.00233,RO,B,Str. Poetului 43 BUCURESTI,,,0722505659,,,J40/1016/2003,,,,,,,0
00234,NORELECTRIC S.R.L.,RO17571249,4111.00234,RO,TM,"JUD. TIMIS, MUN. TIMISOARA, STR. ARISTIDE DEMETRIADE-SPATIUL DIGI 5, NR.15",,,0256283479,,,J35/1573/2005,,,,,,,0
00235,DRAGOMIR CATALIN,1780804424512,4111.00235,RO,,,,,,,,,,,,,,,0
00236,EXPERBUY SRL,RO30156878,4111.00236,RO,B,"MUNICIPIUL BUCURESTI, SECTOR 6, BLD. G-RAL VASILE MILEA, NR.21, IN SUPRAFATA UTILA DE 320 MP, ET.4",,,-,,,J40/5139/2012,,,,,,,0
00237,ZABLAULUI RESIDENCE SRL,RO35486133,4111.00237,RO,B,"MUNICIPIUL BUCURESTI, SECTOR 1, STR. MOECIU, NR.3A, CAMERA 2, ET.P+1, AP.2",,,0013260187,,,J40/917/2016,,,,,,,0
00238,EXPERT LIGHT & DESIGN SRL,RO37220072,4111.00238,RO,IF,"JUD. ILFOV, ORS. PANTELIMON, INT. ZARZARULUI, NR.2A",,,-,,,J23/1060/2017,,,,,,,0
00239,DIACONESCU RONALD-MIHAI,1820722420063,4111.00239,RO,B,"Bdul Agronomiei 7-15, bl N 3.2 sc c et1, ap31",,,,,,,,,,,,,0
00240,YLY RETAIL & DISTRIBUTION SRL,RO33464147,4111.00240,RO,TM,"JUD. TIMIS, SAT BERINI COM. SACOSU TURCESC, NR.58",,,-,,,J35/1881/2014,,,,,,,0
00241,LINIA INTERIOR DESIGN  S.R.L.,37219655,4111.00241,RO,B,"JUD. DAMBOVITA, SAT CREVEDIA COM. CREVEDIA, SOS. BUCURESTI-TARGOVISTE, NR.171",,,-,,,J15/267/2017,,,,,,,0
00242,REAL DESIGN S.R.L.,RO15645692,4111.00242,RO,TM,"JUD. TIMIS, SAT CHISODA COM. GIROC, STR. COOPERATORILOR, NR.10",,,0725540313,lucianjantuan@gmail.com,,J35/1799/2003,,,,,,,0
00243,TODORESCU CONSTANTA,CNP760518424513,4111.00243,RO,,Muzeul Zambaccian nr 10,,,,,,,,,,,,,0
00244,NORTH SOLUTIONS AB,SE559162524801,4111.00244,SE,,Drakblommegatan 5,HANDELSBANKEN,,,,,,,,,,,,0
00245,TOPOTRUST CONSTRUCT SRL,RO14446780,4111.00245,RO,CJ,"JUD. CLUJ, MUN. CLUJ-NAPOCA, STR. TAIETURA TURCULUI, NR.64",RO13RNCB0106026592050001,BANCA COMERCIALA ROMANA,0264406498,topotrust@topotrust.ro,,J12/259/2002,,,,,,HORIA TODEA,0
00246,WISE ENERGY SOLUTION LTD,,4111.00246,IL,,"Hakishon 7, Reshon-le-zion, 972544646009, amir cohen",,,,,,,,,,,,,0
00247,PHILINEA ENERGY SRL,RO25750156,4111.00247,RO,PH,"JUD. PRAHOVA, MUN. PLOIESTI, INT. REGIMENTULUI, NR.5, BL.153C, SC.A, ET.1, AP.4",,,0726 229 690,,,J29/1120/2009,,,,,,,0
00248,CORBO AX SRL,RO30810653,4111.00248,RO,B,"MUNICIPIUL BUCURESTI, SECTOR 2, STR. SIMION BUSUIOC, NR.63, O CAMERA",,,-,,,J40/12157/2012,,,,,,,0
00249,HU FEILO SYLVANIA INT GROUP KFT,25758054-2-41,4111.00249,HU,,,,,,,,,,,,,,,0
00250,FORWARD ARCHITECTURE & ENGINEERING SRL,RO37403908,4111.00250,RO,B,"MUNICIPIUL BUCURESTI, SECTOR 4, STR. MUZELOR, NR.22A, BIROUL NR. 20, ET.1",,,-,,,J40/5373/2017,,,,,,,0
00251,ELECTRONET CONCEPT SRL,RO31225178,4111.00251,RO,MM,"JUD. MARAMURES, MUN. BAIA MARE, STR. VASILE LUCACIU, NR.163",,,-,,,J24/137/2013,,,,,,,0
00252,SASKIA VISUAL COMPANY SRL,RO34971717,4111.00252,RO,IF,"JUD. ILFOV, ORS. VOLUNTARI, STR. EROU IANCU NICOLAE, NR.75A/XII, CAMERA 1, SC.A, ET.2, AP.A9",,,-,,,J23/3142/2015,,,,,,,0
00253,DONGWE SPORTS COMPANY LIMITED,Z0000036516,4111.00253,TZ,,"DONGWE KUSINI, TANZANIA, ABDULA ZAKARIA",,,,,,,,,,,,,0
00254,VEDERE S.R.L.,RO14665314,4111.00254,RO,B,"MUNICIPIUL BUCURESTI, SECTOR 3, STR. BREAZA, NR.8, BL.V23, SC.1, ET.5, AP.24",,,0722316720,,,J40/4538/2002,,,,,,,0
00255,SOLMARCON S.R.L.,RO18441093,4111.00255,RO,B,"MUNICIPIUL BUCURESTI, SECTOR 6, STR. MEHADIA, NR.16, BL.22, SC.C, ET.1, AP.116",,,0766251547,,,J40/3536/2006,,,,,,,0
00256,GOOD VIBES SRL,RO31625174,4111.00256,RO,B,"MUNICIPIUL BUCURESTI, SECTOR 4, SOS. OLTENITEI, NR.83, PARTER,CAMERA 1, BL.12, SC.1, AP.4",,,-,,,J40/6037/2013,,,,,,,0
00257,INSTALNIVA-COMP SRL,RO8063705,4111.00257,RO,TM,"JUD. TIMIS, MUN. TIMISOARA, STR. VIRTUTII, NR.6-8",,,0256294304,,,J35/1469/1995,,,,,,,0
00258,PIXEL MEDIA SRL,RO17249074,4111.00258,RO,NT,"JUD. NEAMT, MUN. PIATRA NEAMT, PTA. STEFAN CEL MARE, NR.12, BL.C6, SC.A, ET.2, AP.5",,,0333405328,,,J27/330/2005,,,,,,,0
00259,MIHAI IONESCU,CNP1500916400429,4111.00259,RO,,,,,,,,,,,,,,,0
00260,RONI CONSTRUCT & DEVELOPMENT SRL,RO27494410,4111.00260,RO,B,"MUNICIPIUL BUCURESTI, SECTOR 3, SOS. MIHAI BRAVU, NR.311-313, BL.SB1, SC.B, ET.3, AP.42",,,0722777186,,,J40/9676/2010,,,,,,,0
00261,BLOOM-BERG LTD,515196459,4111.00261,IL,,                 Bar youda 147 st Nesher,,,,   sales@bloom-berg.co.il,,        51519645,,,,,,,0
00262,LANDAQ DEVELOPMENT S.R.L.,RO10052490,4111.00262,RO,B,"MUNICIPIUL BUCURESTI, SECTOR 2, STR. POET BARBU MUMULEANU, NR.10, PARTER, AP.1",,,0727300346,,,J23/2246/2014,,,,,,,0
